nose_x,nose_y,nose_z,left eye (inner)_x,left eye (inner)_y,left eye (inner)_z,left eye_x,left eye_y,left eye_z,left eye (outer)_x,left eye (outer)_y,left eye (outer)_z,right eye (inner)_x,right eye (inner)_y,right eye (inner)_z,right eye_x,right eye_y,right eye_z,right eye (outer)_x,right eye (outer)_y,right eye (outer)_z,left ear_x,left ear_y,left ear_z,right ear_x,right ear_y,right ear_z,mouth (left)_x,mouth (left)_y,mouth (left)_z,mouth (right)_x,mouth (right)_y,mouth (right)_z,left shoulder_x,left shoulder_y,left shoulder_z,right shoulder_x,right shoulder_y,right shoulder_z,left elbow_x,left elbow_y,left elbow_z,right elbow_x,right elbow_y,right elbow_z,left wrist_x,left wrist_y,left wrist_z,right wrist_x,right wrist_y,right wrist_z,left pinky_x,left pinky_y,left pinky_z,right pinky_x,right pinky_y,right pinky_z,left index_x,left index_y,left index_z,right index_x,right index_y,right index_z,left thumb_x,left thumb_y,left thumb_z,right thumb_x,right thumb_y,right thumb_z,left hip_x,left hip_y,left hip_z,right hip_x,right hip_y,right hip_z,left knee_x,left knee_y,left knee_z,right knee_x,right knee_y,right knee_z,left ankle_x,left ankle_y,left ankle_z,right ankle_x,right ankle_y,right ankle_z,left heel_x,left heel_y,left heel_z,right heel_x,right heel_y,right heel_z,left foot index_x,left foot index_y,left foot index_z,right foot index_x,right foot index_y,right foot index_z
0.4658448100090027,0.6151150465011597,-1.700295329093933,0.49725663661956787,0.5441263914108276,-1.6354048252105713,0.5154457688331604,0.5436133146286011,-1.6358299255371094,0.5333881378173828,0.545129656791687,-1.6360275745391846,0.43614619970321655,0.5500319004058838,-1.631929636001587,0.41670161485671997,0.5527175664901733,-1.632043719291687,0.39871543645858765,0.5562660694122314,-1.6326278448104858,0.5714387893676758,0.5815088748931885,-1.0935395956039429,0.375960111618042,0.5872290134429932,-1.0723294019699097,0.5068735480308533,0.6829544305801392,-1.4845353364944458,0.43372493982315063,0.687140703201294,-1.4805063009262085,0.7467237710952759,0.9433835744857788,-0.7016190886497498,0.2136954665184021,0.9270440340042114,-0.595230221748352,0.8397917747497559,1.3072882890701294,-0.844729483127594,0.12935706973075867,1.2855606079101562,-0.6626728177070618,0.8013629913330078,1.5847642421722412,-1.4580671787261963,0.1726403534412384,1.3757380247116089,-1.526989221572876,0.8190774321556091,1.6852940320968628,-1.6152548789978027,0.17322558164596558,1.4320317506790161,-1.7240406274795532,0.7747931480407715,1.6626560688018799,-1.6939146518707275,0.1961595118045807,1.3879506587982178,-1.7739938497543335,0.7564798593521118,1.6165361404418945,-1.5120418071746826,0.20568576455116272,1.364933729171753,-1.5782190561294556,0.6394655704498291,1.733782410621643,-0.07118915021419525,0.3169611692428589,1.73141348361969,0.07660477608442307,0.6582000851631165,2.3831233978271484,-0.2633618414402008,0.3469376564025879,2.353424072265625,-0.4427618086338043,0.6588022112846375,2.968776226043701,0.31162896752357483,0.3618304133415222,2.959425687789917,-0.10662712156772614,0.662253737449646,3.0817151069641113,0.3227978050708771,0.3667312264442444,3.085071086883545,-0.10552820563316345,0.614467203617096,3.1481621265411377,-0.36588016152381897,0.4119991362094879,3.107170820236206,-0.8348141312599182
0.4689021408557892,0.6123515367507935,-1.4902074337005615,0.4980114698410034,0.5390611886978149,-1.4237605333328247,0.5178685784339905,0.5386149883270264,-1.4242594242095947,0.5330756306648254,0.5396666526794434,-1.424492597579956,0.43861058354377747,0.540768027305603,-1.4113051891326904,0.41989779472351074,0.542289137840271,-1.4113717079162598,0.40437766909599304,0.5443971157073975,-1.4118822813034058,0.564514696598053,0.5732033252716064,-0.9035114049911499,0.3871488571166992,0.5776435136795044,-0.8416171073913574,0.5089201331138611,0.6842641830444336,-1.2861624956130981,0.43586277961730957,0.6830363273620605,-1.2703850269317627,0.7475049495697021,0.9341873526573181,-0.6039178371429443,0.21996402740478516,0.9076716899871826,-0.42193251848220825,0.8255617618560791,1.2279049158096313,-1.1626228094100952,0.13169431686401367,1.2207821607589722,-0.8078749775886536,0.7229324579238892,1.1900715827941895,-2.0236945152282715,0.20458686351776123,1.2244524955749512,-1.8575035333633423,0.7076749801635742,1.200408935546875,-2.2142248153686523,0.2166035771369934,1.2496546506881714,-2.0671305656433105,0.6888158321380615,1.1419811248779297,-2.212717056274414,0.23669233918190002,1.202979564666748,-2.0587801933288574,0.6841057538986206,1.1404407024383545,-2.0498015880584717,0.24361717700958252,1.1961286067962646,-1.8909623622894287,0.6159778833389282,1.728028416633606,-0.08944258838891983,0.3146827816963196,1.712021827697754,0.09501388669013977,0.6081094741821289,2.304797649383545,-0.27372968196868896,0.3086351454257965,2.262183666229248,-0.37100061774253845,0.6039159297943115,2.9137210845947266,0.2795323431491852,0.33021581172943115,2.8981480598449707,0.02146299183368683,0.6054679155349731,3.011847496032715,0.29254859685897827,0.3338945508003235,2.99609112739563,0.030408527702093124,0.55903559923172,3.0944204330444336,-0.41434788703918457,0.3624059557914734,3.0828046798706055,-0.704214870929718
0.4644359052181244,0.6073522567749023,-1.3259387016296387,0.4949127435684204,0.5350072383880615,-1.2691643238067627,0.5156255960464478,0.5352157354354858,-1.2694768905639648,0.532654345035553,0.5362880229949951,-1.2695753574371338,0.43434402346611023,0.535059928894043,-1.2621970176696777,0.4157625436782837,0.5361415147781372,-1.26142156124115,0.401609867811203,0.5384793281555176,-1.2618390321731567,0.5655760765075684,0.5681349039077759,-0.8284654021263123,0.38429558277130127,0.5712214708328247,-0.7661661505699158,0.5082289576530457,0.6777827739715576,-1.1521484851837158,0.42937639355659485,0.6764822006225586,-1.1368905305862427,0.7575401663780212,0.9431204199790955,-0.5067391991615295,0.22092148661613464,0.9227617383003235,-0.4441688358783722,0.868241548538208,1.3338791131973267,-0.42539697885513306,0.10966596007347107,1.3513623476028442,-0.2840293347835541,0.7907921075820923,1.6349676847457886,-0.763504147529602,0.14970406889915466,1.6337629556655884,-0.8057129979133606,0.8015397191047668,1.7499841451644897,-0.888866126537323,0.13815748691558838,1.7508106231689453,-0.9552286863327026,0.7443180680274963,1.7352732419967651,-0.9486154317855835,0.1863735318183899,1.7242203950881958,-1.036165714263916,0.7330335378646851,1.6849262714385986,-0.8091829419136047,0.19804880023002625,1.6750568151474,-0.8619129061698914,0.641025185585022,1.7412203550338745,-0.09292405843734741,0.3009576201438904,1.7282944917678833,0.09967348724603653,0.6162315607070923,2.407456159591675,-0.11500910669565201,0.31092318892478943,2.3887887001037598,0.06412803381681442,0.6098084449768066,3.002297878265381,0.6307443976402283,0.317704439163208,2.986440420150757,0.6091570258140564,0.6171260476112366,3.1110219955444336,0.6657633185386658,0.3151962161064148,3.0970749855041504,0.6422562599182129,0.5467172861099243,3.1988000869750977,-0.06147110462188721,0.36682868003845215,3.180903911590576,-0.11992296576499939
0.479214072227478,0.6098523139953613,-1.4633417129516602,0.5070303082466125,0.5371044874191284,-1.3901548385620117,0.5258119702339172,0.5357716083526611,-1.3905779123306274,0.5403358936309814,0.5358390808105469,-1.3907222747802734,0.4477766156196594,0.5398892164230347,-1.3882497549057007,0.4273907542228699,0.5415648221969604,-1.3880687952041626,0.4098520278930664,0.5440411567687988,-1.3885594606399536,0.5686597228050232,0.5658771991729736,-0.8503051400184631,0.38723403215408325,0.5768063068389893,-0.8239327669143677,0.5185839533805847,0.6782875061035156,-1.2523903846740723,0.4445674419403076,0.6787993907928467,-1.2479623556137085,0.7561747431755066,0.9364942312240601,-0.5483666062355042,0.2169162482023239,0.917386531829834,-0.48583725094795227,0.8384770750999451,1.2810609340667725,-1.1201869249343872,0.132595032453537,1.2799654006958008,-0.9874648451805115,0.6978835463523865,1.2397801876068115,-1.9447576999664307,0.2461441457271576,1.227708339691162,-2.0544910430908203,0.6760803461074829,1.2541412115097046,-2.135685920715332,0.2645100951194763,1.23475980758667,-2.2915210723876953,0.6538432836532593,1.1948970556259155,-2.1266536712646484,0.28447121381759644,1.1845533847808838,-2.2714757919311523,0.653160572052002,1.1940455436706543,-1.971154808998108,0.28735142946243286,1.186192512512207,-2.084829568862915,0.6354222297668457,1.7326611280441284,-0.06933034211397171,0.3063238263130188,1.731825590133667,0.07508371770381927,0.6185476779937744,2.403292417526245,-0.059132471680641174,0.3281552791595459,2.3691835403442383,-0.2722530663013458,0.6194896697998047,3.009700059890747,0.5580680966377258,0.3435651659965515,2.9920663833618164,0.18962061405181885,0.6241527199745178,3.1081995964050293,0.5736481547355652,0.3444594442844391,3.0947062969207764,0.20623347163200378,0.5677366256713867,3.1999032497406006,-0.19791635870933533,0.3924062252044678,3.1730263233184814,-0.6158893704414368
0.46449580788612366,0.6007858514785767,-1.458097219467163,0.49472859501838684,0.5293834209442139,-1.3928728103637695,0.5156901478767395,0.5295485258102417,-1.393332600593567,0.532828152179718,0.5303481817245483,-1.393506646156311,0.43455809354782104,0.5301691293716431,-1.3865699768066406,0.4162280857563019,0.531683087348938,-1.3862658739089966,0.40188947319984436,0.5338740348815918,-1.3867790699005127,0.5646573901176453,0.5635354518890381,-0.8818256258964539,0.3844895362854004,0.5692600011825562,-0.8304307460784912,0.5086854100227356,0.6722224950790405,-1.2569999694824219,0.4307364821434021,0.6698660850524902,-1.24504554271698,0.7544625997543335,0.9345340728759766,-0.5680289268493652,0.21460072696208954,0.9216536283493042,-0.4736807346343994,0.8409518003463745,1.2956461906433105,-0.872048556804657,0.1555643081665039,1.3258471488952637,-0.7118740677833557,0.7504322528839111,1.453092336654663,-1.5772150754928589,0.2371547669172287,1.3886659145355225,-1.6511849164962769,0.7498867511749268,1.531278133392334,-1.7629393339157104,0.24520842730998993,1.4376033544540405,-1.8725601434707642,0.7109886407852173,1.4841784238815308,-1.8069158792495728,0.2713073790073395,1.390257477760315,-1.9002355337142944,0.7053471803665161,1.452737808227539,-1.624037742614746,0.27688103914260864,1.3709810972213745,-1.6972358226776123,0.6484453678131104,1.7395389080047607,-0.08685939759016037,0.3124693036079407,1.7394297122955322,0.0929030030965805,0.6393924951553345,2.41129207611084,-0.07156931608915329,0.3385615944862366,2.387317419052124,-0.11428997665643692,0.6401563286781311,3.0235843658447266,0.6298556923866272,0.34802550077438354,3.0017898082733154,0.4197162687778473,0.6461676359176636,3.1308465003967285,0.6551353931427002,0.3461085259914398,3.1095967292785645,0.44703829288482666,0.5857294797897339,3.215426445007324,-0.11813932657241821,0.40300604701042175,3.1848270893096924,-0.36562028527259827
0.47331100702285767,0.6102639436721802,-1.6491791009902954,0.5024990439414978,0.5366747379302979,-1.5775105953216553,0.5213016271591187,0.5350414514541626,-1.5780267715454102,0.5381401777267456,0.5356752872467041,-1.5782448053359985,0.44276008009910583,0.5419291257858276,-1.5667095184326172,0.4226533770561218,0.5441361665725708,-1.5671011209487915,0.40577390789985657,0.5472244024276733,-1.5676079988479614,0.5714520215988159,0.5671801567077637,-1.0313823223114014,0.3861006498336792,0.5794259309768677,-0.9754233956336975,0.5148314237594604,0.6806213855743408,-1.4346791505813599,0.44167280197143555,0.6856142282485962,-1.421124815940857,0.7571247816085815,0.9343103766441345,-0.7359877824783325,0.22292406857013702,0.9171791672706604,-0.523952066898346,0.8431739211082458,1.2087925672531128,-1.3849656581878662,0.11064654588699341,1.091468095779419,-0.9210485219955444,0.704620897769928,1.1613380908966064,-2.2727348804473877,0.2217518836259842,1.1701617240905762,-1.9349708557128906,0.6787551045417786,1.167442798614502,-2.4597115516662598,0.24331480264663696,1.173412561416626,-2.127063512802124,0.6574620008468628,1.1123424768447876,-2.4333770275115967,0.25415873527526855,1.1286277770996094,-2.102640390396118,0.6576933264732361,1.1131211519241333,-2.286637783050537,0.2573467195034027,1.1301653385162354,-1.9593884944915771,0.6249528527259827,1.743839144706726,-0.10419249534606934,0.32362109422683716,1.7375999689102173,0.10930231213569641,0.6111605167388916,2.1777613162994385,-0.46775051951408386,0.27230775356292725,2.199824094772339,-0.5435981154441833,0.6179030537605286,2.8166394233703613,0.21933136880397797,0.35104191303253174,2.802591562271118,0.0008780662319622934,0.618793249130249,2.922760009765625,0.2473175823688507,0.3639684319496155,2.8844592571258545,0.026918185874819756,0.5926076173782349,2.9909756183624268,-0.4413709044456482,0.39186567068099976,2.99251389503479,-0.6899530291557312
0.4780513048171997,0.6019632816314697,-1.4731343984603882,0.5064825415611267,0.5300096273422241,-1.3971731662750244,0.5258563756942749,0.5296933650970459,-1.3976702690124512,0.5407841801643372,0.5306247472763062,-1.3977807760238647,0.44739508628845215,0.5313725471496582,-1.3985086679458618,0.427345871925354,0.5330661535263062,-1.3985223770141602,0.410251259803772,0.5352705717086792,-1.3990825414657593,0.5698223114013672,0.5641429424285889,-0.8553820848464966,0.38717934489250183,0.5707454681396484,-0.8489000797271729,0.5183029770851135,0.6732515096664429,-1.2631323337554932,0.4427589774131775,0.6716724634170532,-1.2638781070709229,0.7514392137527466,0.9383331537246704,-0.536440908908844,0.2169889509677887,0.9154702425003052,-0.5159181356430054,0.8484311699867249,1.2669386863708496,-1.0011523962020874,0.1341859996318817,1.2784260511398315,-0.9212480187416077,0.7495332956314087,1.3236148357391357,-1.8004895448684692,0.22101084887981415,1.2941466569900513,-1.9381417036056519,0.7389032244682312,1.3680163621902466,-1.987618327140808,0.23232783377170563,1.322611689567566,-2.1737935543060303,0.7105448842048645,1.3154597282409668,-2.014517068862915,0.2560550570487976,1.2767090797424316,-2.17805814743042,0.7053016424179077,1.299521565437317,-1.8411574363708496,0.26201772689819336,1.2674119472503662,-1.9773114919662476,0.627056360244751,1.7364327907562256,-0.060443226248025894,0.30244123935699463,1.728204607963562,0.06586498022079468,0.6078299283981323,2.4179959297180176,-0.11975747346878052,0.31783241033554077,2.3832526206970215,-0.3459065854549408,0.6051625609397888,3.037644147872925,0.40865951776504517,0.32898378372192383,3.01863956451416,-0.0015670197317376733,0.6078046560287476,3.1450295448303223,0.41631436347961426,0.331295371055603,3.1313414573669434,0.0014645723858848214,0.555678129196167,3.2183313369750977,-0.30844399333000183,0.37525859475135803,3.1844255924224854,-0.7759245038032532
0.4638999104499817,0.6097704172134399,-1.3515172004699707,0.4928964674472809,0.5359048843383789,-1.2941867113113403,0.5137816071510315,0.5355498790740967,-1.2946425676345825,0.5308977365493774,0.5359059572219849,-1.294793725013733,0.4331797957420349,0.5370606184005737,-1.282268762588501,0.41502711176872253,0.5384926795959473,-1.2815734148025513,0.4006253480911255,0.541176438331604,-1.2820299863815308,0.5637868642807007,0.5670890808105469,-0.8297309875488281,0.3850976526737213,0.573922872543335,-0.7471850514411926,0.5080811977386475,0.6808364391326904,-1.1685951948165894,0.4328153729438782,0.681455135345459,-1.1476765871047974,0.7555621862411499,0.9425856471061707,-0.5167027115821838,0.22214429080486298,0.9241411089897156,-0.3886112570762634,0.8490182757377625,1.333686351776123,-0.5172440409660339,0.12633106112480164,1.3254092931747437,-0.31964272260665894,0.7860810160636902,1.6323509216308594,-0.9383583664894104,0.16449710726737976,1.5627377033233643,-0.9837490320205688,0.7993961572647095,1.7476844787597656,-1.082374095916748,0.15273022651672363,1.6711441278457642,-1.1583924293518066,0.7481204867362976,1.7310246229171753,-1.1551989316940308,0.19739678502082825,1.6362746953964233,-1.240600347518921,0.7347462177276611,1.6818896532058716,-0.9912207126617432,0.20879654586315155,1.592523455619812,-1.0453431606292725,0.6408004760742188,1.7513949871063232,-0.10613653063774109,0.3050832450389862,1.740756869316101,0.11261580884456635,0.6270310878753662,2.427624464035034,-0.1295469105243683,0.32748520374298096,2.404792070388794,-0.0028786426410079002,0.6274510622024536,3.035630702972412,0.5950207710266113,0.33704909682273865,3.0210113525390625,0.5303455591201782,0.6354789733886719,3.141796588897705,0.6242837309837341,0.3357665240764618,3.1315016746520996,0.5598770380020142,0.5624897480010986,3.235992670059204,-0.1477665901184082,0.38338541984558105,3.214723587036133,-0.24595044553279877
0.47377729415893555,0.6088166236877441,-1.4642211198806763,0.5025425553321838,0.5372079610824585,-1.3931833505630493,0.5224917531013489,0.5365496873855591,-1.393705129623413,0.5375285148620605,0.5369653701782227,-1.393965721130371,0.44194644689559937,0.5380257368087769,-1.3862489461898804,0.42186856269836426,0.5392866134643555,-1.3861209154129028,0.40535226464271545,0.5408937931060791,-1.3866314888000488,0.5669058561325073,0.568083643913269,-0.8615233898162842,0.383228063583374,0.5743398666381836,-0.8142200112342834,0.5141934752464294,0.6800254583358765,-1.2557536363601685,0.43747004866600037,0.6803698539733887,-1.2449852228164673,0.7578083872795105,0.9473294615745544,-0.5608183145523071,0.21617943048477173,0.9169367551803589,-0.4425615668296814,0.8469824194908142,1.276904582977295,-1.0527265071868896,0.14014136791229248,1.263120412826538,-0.7555702328681946,0.7210206985473633,1.3349318504333496,-1.869966983795166,0.2089965045452118,1.2810777425765991,-1.7415375709533691,0.7064512968063354,1.384892225265503,-2.064871072769165,0.2125016152858734,1.3137831687927246,-1.9673256874084473,0.671372652053833,1.3311796188354492,-2.087592363357544,0.23759694397449493,1.272203803062439,-1.9795886278152466,0.6690160036087036,1.312903881072998,-1.9087345600128174,0.2445896863937378,1.2607753276824951,-1.78399658203125,0.6282612681388855,1.7388924360275269,-0.07220856845378876,0.29718175530433655,1.727574348449707,0.07818011194467545,0.6103052496910095,2.417039632797241,-0.06767411530017853,0.3140726685523987,2.368467330932617,-0.2756095826625824,0.6105028390884399,3.029215097427368,0.5426226854324341,0.32153090834617615,2.999959945678711,0.17787529528141022,0.6144249439239502,3.1327383518218994,0.5595405697822571,0.3209877610206604,3.1064021587371826,0.1924411505460739,0.5591952204704285,3.2170004844665527,-0.21042941510677338,0.37022143602371216,3.1803696155548096,-0.6302639842033386
0.46250537037849426,0.6067094802856445,-1.2629057168960571,0.4930819571018219,0.5354650020599365,-1.1987320184707642,0.5137302279472351,0.5360403060913086,-1.1991208791732788,0.530686616897583,0.5374279022216797,-1.199090838432312,0.4334990084171295,0.5345151424407959,-1.188952088356018,0.41516512632369995,0.5351724624633789,-1.1884397268295288,0.40061548352241516,0.536894679069519,-1.1889804601669312,0.5621194243431091,0.5702142715454102,-0.7228280305862427,0.3842909038066864,0.5701690912246704,-0.6544123291969299,0.5056443810462952,0.6782137155532837,-1.0763235092163086,0.4288760721683502,0.6751545667648315,-1.059640645980835,0.7523554563522339,0.9416792392730713,-0.4339895248413086,0.21521493792533875,0.9189169406890869,-0.3494090437889099,0.835814356803894,1.320383071899414,-0.7449164986610413,0.14674171805381775,1.303013563156128,-0.4571409523487091,0.7246359586715698,1.405632734298706,-1.4067729711532593,0.19737830758094788,1.5285524129867554,-1.2403550148010254,0.7178188562393188,1.4645354747772217,-1.5816316604614258,0.18896952271461487,1.6324546337127686,-1.438980221748352,0.6811544299125671,1.4226592779159546,-1.6104568243026733,0.23033246397972107,1.599958896636963,-1.4987735748291016,0.6754642724990845,1.3954594135284424,-1.4475905895233154,0.2383270412683487,1.5562951564788818,-1.2972806692123413,0.6342031359672546,1.7347913980484009,-0.07192400842905045,0.29961031675338745,1.7237175703048706,0.07882422208786011,0.6230935454368591,2.401669979095459,-0.18396484851837158,0.325503408908844,2.367152214050293,-0.28792813420295715,0.6292422413825989,3.0119235515594482,0.33846133947372437,0.3350898027420044,2.9924793243408203,0.049485962837934494,0.6360867023468018,3.1168618202209473,0.34940722584724426,0.3316935896873474,3.1035213470458984,0.05569463595747948,0.5685648918151855,3.2072629928588867,-0.3965602517127991,0.3893212378025055,3.1730430126190186,-0.7304667830467224
0.4673610031604767,0.6007721424102783,-1.2429330348968506,0.4960979223251343,0.5319584608078003,-1.1827908754348755,0.5163350701332092,0.5322710275650024,-1.183143973350525,0.5328541398048401,0.5336654186248779,-1.1831750869750977,0.43687376379966736,0.5313980579376221,-1.1756418943405151,0.4180334210395813,0.5320852994918823,-1.1751292943954468,0.4028201103210449,0.5339971780776978,-1.1755609512329102,0.5647935271263123,0.5652048587799072,-0.7156295776367188,0.3839781880378723,0.5679751634597778,-0.6589425206184387,0.5096829533576965,0.6726239919662476,-1.0589600801467896,0.43314170837402344,0.6710352897644043,-1.0453983545303345,0.7540448904037476,0.9376724362373352,-0.43074432015419006,0.2219051569700241,0.9175947308540344,-0.36065638065338135,0.846794068813324,1.3251047134399414,-0.7081636786460876,0.14412996172904968,1.3009358644485474,-0.5241779685020447,0.7249410152435303,1.4396456480026245,-1.349605679512024,0.19984784722328186,1.46668541431427,-1.3895866870880127,0.7146340608596802,1.5072474479675293,-1.5216394662857056,0.1949225664138794,1.5515320301055908,-1.5947151184082031,0.6741649508476257,1.4583773612976074,-1.5432380437850952,0.2323942482471466,1.5060014724731445,-1.6449761390686035,0.6693858504295349,1.4298990964889526,-1.3855725526809692,0.24008046090602875,1.4712774753570557,-1.4428550004959106,0.6353400349617004,1.7205555438995361,-0.07977022230625153,0.30520254373550415,1.7097227573394775,0.08597457408905029,0.6152217388153076,2.3855018615722656,-0.0672268494963646,0.32076510787010193,2.358043670654297,-0.09201348572969437,0.6132292151451111,2.9878878593444824,0.5570167899131775,0.3290066123008728,2.9666571617126465,0.34786781668663025,0.6197993159294128,3.088890552520752,0.5793001055717468,0.32674580812454224,3.067732334136963,0.3673311769962311,0.553181529045105,3.180842399597168,-0.14802785217761993,0.38082432746887207,3.157118797302246,-0.4017501175403595
0.46094757318496704,0.6045656204223633,-1.4056717157363892,0.49174022674560547,0.5351386070251465,-1.343935251235962,0.5127648115158081,0.5364856719970703,-1.3442999124526978,0.53067547082901,0.538632869720459,-1.3442938327789307,0.43144524097442627,0.533017635345459,-1.3387521505355835,0.41377389430999756,0.5332119464874268,-1.3383510112762451,0.39979982376098633,0.5349220037460327,-1.3388793468475342,0.5632535219192505,0.5707705020904541,-0.8579762578010559,0.38276344537734985,0.5678973197937012,-0.8129168748855591,0.505219042301178,0.6766088008880615,-1.2129714488983154,0.42574334144592285,0.6719406843185425,-1.2032690048217773,0.7484445571899414,0.9383864998817444,-0.5204122066497803,0.21417972445487976,0.9178483486175537,-0.46121081709861755,0.8442208766937256,1.3064308166503906,-0.6490496397018433,0.13928654789924622,1.3042190074920654,-0.486660897731781,0.7416505813598633,1.4689222574234009,-1.1850684881210327,0.2006065845489502,1.4762084484100342,-1.202885389328003,0.736192524433136,1.5490665435791016,-1.3415871858596802,0.20104670524597168,1.5670193433761597,-1.392509937286377,0.696547269821167,1.5054861307144165,-1.3924833536148071,0.23607520759105682,1.5186970233917236,-1.4451969861984253,0.6915416717529297,1.4691123962402344,-1.2310861349105835,0.24135726690292358,1.4811136722564697,-1.2534537315368652,0.6382624506950378,1.7225512266159058,-0.06754253804683685,0.30225133895874023,1.714864730834961,0.07411018759012222,0.6274188160896301,2.383279323577881,-0.11951737105846405,0.3350973129272461,2.3522047996520996,-0.2557409405708313,0.6294169425964355,2.981814384460449,0.5182473659515381,0.3435652256011963,2.9692797660827637,0.20774520933628082,0.6339104175567627,3.0841543674468994,0.5391503572463989,0.3417181670665741,3.07902193069458,0.22656093537807465,0.5726647973060608,3.1823267936706543,-0.21278247237205505,0.3958042860031128,3.1507368087768555,-0.580471396446228
0.4686042368412018,0.6034176349639893,-1.5040991306304932,0.4979259967803955,0.5308665037155151,-1.440376877784729,0.5184898376464844,0.5301802158355713,-1.4409112930297852,0.5345436930656433,0.5309193134307861,-1.441188931465149,0.4370400607585907,0.5316545963287354,-1.4302475452423096,0.4177773594856262,0.5331957340240479,-1.430148959159851,0.40197521448135376,0.5355395078659058,-1.4306317567825317,0.5692564249038696,0.5638711452484131,-0.9232521057128906,0.3830539286136627,0.570465087890625,-0.8573198914527893,0.5113992691040039,0.6760048866271973,-1.2995240688323975,0.4339558482170105,0.6762180328369141,-1.2834819555282593,0.7609031200408936,0.9359745979309082,-0.6293531656265259,0.21707001328468323,0.9183483123779297,-0.4718032777309418,0.838656485080719,1.2972354888916016,-1.005748987197876,0.1550026834011078,1.2953132390975952,-0.8358057737350464,0.7300181984901428,1.468463659286499,-1.7042183876037598,0.2351401001214981,1.2346136569976807,-1.8983362913131714,0.723940372467041,1.5493426322937012,-1.8847951889038086,0.24465321004390717,1.2375043630599976,-2.130023717880249,0.6854027509689331,1.5012412071228027,-1.927570104598999,0.25872519612312317,1.19089674949646,-2.137310266494751,0.6819089651107788,1.4700968265533447,-1.748031735420227,0.2663133144378662,1.1919996738433838,-1.9404407739639282,0.6495202779769897,1.7306289672851562,-0.09184039384126663,0.3191911578178406,1.7316782474517822,0.09761886298656464,0.6389262676239014,2.403026580810547,-0.08382096141576767,0.3452746868133545,2.3703842163085938,-0.20402531325817108,0.6408874988555908,3.0114612579345703,0.5911908149719238,0.3623526692390442,2.9898743629455566,0.3066945970058441,0.6461995244026184,3.1157889366149902,0.6125435829162598,0.36329299211502075,3.095461368560791,0.32982584834098816,0.5942572355270386,3.197205066680908,-0.165377676486969,0.41137993335723877,3.169271469116211,-0.4957810342311859
0.4635099172592163,0.6046937704086304,-1.3862512111663818,0.49247708916664124,0.5321651697158813,-1.3131818771362305,0.5135711431503296,0.5318284034729004,-1.31377112865448,0.5304449796676636,0.5323843955993652,-1.3140844106674194,0.4330196678638458,0.5334919691085815,-1.3068488836288452,0.41510581970214844,0.5351446866989136,-1.307033658027649,0.4006689488887787,0.5375698804855347,-1.3075700998306274,0.5645555853843689,0.5640959739685059,-0.7866212129592896,0.38503795862197876,0.5721547603607178,-0.7459636330604553,0.5078505277633667,0.6754422187805176,-1.182345986366272,0.4322640895843506,0.6752322912216187,-1.1733391284942627,0.756826639175415,0.9384893178939819,-0.5268285274505615,0.2217927724123001,0.9107850790023804,-0.43529051542282104,0.8565831184387207,1.2424962520599365,-1.2239878177642822,0.13474291563034058,1.24782395362854,-1.1364068984985352,0.7270530462265015,1.1885087490081787,-2.0574231147766113,0.24750223755836487,1.080314040184021,-2.305558919906616,0.7003830671310425,1.1996033191680908,-2.229951858520508,0.2744362950325012,0.9319434762001038,-2.5389816761016846,0.6789503693580627,1.1346849203109741,-2.2039430141448975,0.28515124320983887,0.9241623878479004,-2.474642038345337,0.6790707111358643,1.138096570968628,-2.0728518962860107,0.28976285457611084,0.930910587310791,-2.320141315460205,0.6321460008621216,1.7382969856262207,-0.06649991124868393,0.3201804757118225,1.724207878112793,0.07133863121271133,0.6229698061943054,2.3934524059295654,-0.19407594203948975,0.33191901445388794,2.3496720790863037,-0.38082391023635864,0.6201760768890381,2.9980034828186035,0.2958039939403534,0.3410443067550659,2.9756360054016113,-0.08173644542694092,0.6215219497680664,3.098489284515381,0.30224987864494324,0.3434411883354187,3.08101224899292,-0.08226737380027771,0.5772956609725952,3.1725850105285645,-0.3773563504219055,0.38177689909935,3.142216444015503,-0.8012087941169739
0.4641130566596985,0.606360673904419,-1.3419017791748047,0.4944882094860077,0.5351784229278564,-1.2768269777297974,0.5154588222503662,0.5347715616226196,-1.277235984802246,0.532340407371521,0.5352243185043335,-1.277358055114746,0.4345492720603943,0.5365179777145386,-1.2665183544158936,0.4166198670864105,0.5376694202423096,-1.2662584781646729,0.40230676531791687,0.5394010543823242,-1.2666715383529663,0.5641429424285889,0.5647596120834351,-0.7749106884002686,0.38667020201683044,0.5722084045410156,-0.7097917795181274,0.5079726576805115,0.6749340295791626,-1.1448637247085571,0.4300749897956848,0.6760468482971191,-1.1287813186645508,0.7509692907333374,0.9292561411857605,-0.49808385968208313,0.22274625301361084,0.9164643287658691,-0.3792083263397217,0.8266746997833252,1.2586033344268799,-0.9764421582221985,0.15261176228523254,1.2796274423599243,-0.8227150440216064,0.7008827924728394,1.2847448587417603,-1.7111587524414062,0.25804415345191956,1.2183377742767334,-1.854279637336731,0.688407301902771,1.317911982536316,-1.8821167945861816,0.2749963104724884,1.220785140991211,-2.073805332183838,0.6590129137039185,1.2684086561203003,-1.8857256174087524,0.277534544467926,1.018603801727295,-2.057047128677368,0.6553468108177185,1.2587648630142212,-1.738958716392517,0.28172945976257324,1.0062110424041748,-1.8839603662490845,0.6404790878295898,1.7255878448486328,-0.07783367484807968,0.3188610076904297,1.7227199077606201,0.08324281871318817,0.6332473754882812,2.394641876220703,-0.07493113726377487,0.348741352558136,2.3684446811676025,-0.1826418787240982,0.6445421576499939,3.0026473999023438,0.525145411491394,0.36609429121017456,2.9886460304260254,0.24248988926410675,0.6506790518760681,3.101423978805542,0.5420173406600952,0.36476585268974304,3.087893486022949,0.257968544960022,0.5975325703620911,3.1870651245117188,-0.2024955153465271,0.4152635633945465,3.167850971221924,-0.5267319679260254
0.46164846420288086,0.6070579290390015,-1.4368754625320435,0.4927905797958374,0.5349622964859009,-1.3622691631317139,0.513537585735321,0.5344585180282593,-1.3628532886505127,0.5305960178375244,0.5353922843933105,-1.3631480932235718,0.4328840374946594,0.5384154319763184,-1.3548270463943481,0.414539098739624,0.5399309396743774,-1.3549731969833374,0.40016233921051025,0.542609453201294,-1.3555388450622559,0.5642591118812561,0.5665678977966309,-0.8390896916389465,0.3854103684425354,0.5746818780899048,-0.7921836376190186,0.5048224925994873,0.6759402751922607,-1.2342907190322876,0.42818742990493774,0.6785197257995605,-1.2234512567520142,0.7521706819534302,0.9321069717407227,-0.5891064405441284,0.2200201451778412,0.9150451421737671,-0.47605976462364197,0.8446735739707947,1.2382444143295288,-1.312039852142334,0.15292736887931824,1.2595775127410889,-1.1381723880767822,0.6911071538925171,1.162888765335083,-2.141979694366455,0.2547888159751892,1.1347720623016357,-2.2803077697753906,0.658026933670044,1.1672632694244385,-2.324389696121216,0.27296018600463867,1.1112968921661377,-2.516116142272949,0.6371011137962341,1.1045033931732178,-2.2919435501098633,0.2689787745475769,0.9636322855949402,-2.4656982421875,0.6396039724349976,1.1105310916900635,-2.1549904346466064,0.2766156792640686,0.9574044942855835,-2.3007593154907227,0.632089376449585,1.7333345413208008,-0.0686395913362503,0.3209838271141052,1.720551609992981,0.07347781956195831,0.6276489496231079,2.386288642883301,-0.26821717619895935,0.3392292261123657,2.3297762870788574,-0.4697435200214386,0.628508448600769,2.9824774265289307,0.29218789935112,0.3585613965988159,2.9510674476623535,-0.08904381096363068,0.6294586658477783,3.079894542694092,0.30570319294929504,0.3614971339702606,3.0532145500183105,-0.08095420897006989,0.5869032740592957,3.1625447273254395,-0.3922698199748993,0.39687225222587585,3.1210777759552,-0.8123578429222107
0.4568064510822296,0.6082288026809692,-1.46266770362854,0.4883817434310913,0.5357234477996826,-1.4017711877822876,0.5089163184165955,0.5346596240997314,-1.4022386074066162,0.5266692042350769,0.5350766181945801,-1.4024285078048706,0.4285680651664734,0.5399943590164185,-1.3916593790054321,0.4107428193092346,0.5413380861282349,-1.3917468786239624,0.39732182025909424,0.5439695119857788,-1.3923158645629883,0.5611357092857361,0.5663015842437744,-0.8969903588294983,0.3842007517814636,0.5747979879379272,-0.8398090600967407,0.49952274560928345,0.6759384870529175,-1.261580228805542,0.42285048961639404,0.6783950328826904,-1.2474186420440674,0.7504377365112305,0.9359368085861206,-0.5730531215667725,0.22619080543518066,0.9081338047981262,-0.45678627490997314,0.8379189968109131,1.2406450510025024,-0.9518440961837769,0.12441790103912354,1.227013349533081,-0.8421671986579895,0.7423264384269714,1.3347760438919067,-1.634832739830017,0.22154322266578674,1.1649492979049683,-1.819202184677124,0.733953058719635,1.3893918991088867,-1.7907010316848755,0.2398168295621872,1.1659440994262695,-2.0273876190185547,0.7011594772338867,1.3409512042999268,-1.819480061531067,0.2586841285228729,1.122829556465149,-2.005035877227783,0.6983592510223389,1.3189787864685059,-1.6693402528762817,0.2618229389190674,1.1248157024383545,-1.844133734703064,0.6297857761383057,1.7248400449752808,-0.08160938322544098,0.3198685944080353,1.7086987495422363,0.08647274225950241,0.6206337213516235,2.3777904510498047,-0.1455467939376831,0.34431225061416626,2.331791400909424,-0.25364744663238525,0.6164846420288086,2.9871788024902344,0.41771435737609863,0.34542039036750793,2.9577722549438477,0.14237624406814575,0.6172617077827454,3.087329626083374,0.43206581473350525,0.3448072373867035,3.060508966445923,0.15428118407726288,0.571491003036499,3.167320728302002,-0.29970648884773254,0.38078436255455017,3.1280903816223145,-0.6113752126693726
0.4633080065250397,0.606464147567749,-1.470086693763733,0.49308639764785767,0.536348819732666,-1.4008570909500122,0.5136008858680725,0.5366621017456055,-1.4013525247573853,0.5308327078819275,0.5381805896759033,-1.4015522003173828,0.433662086725235,0.536405086517334,-1.3936964273452759,0.41524624824523926,0.5371628999710083,-1.3936350345611572,0.40082693099975586,0.5393472909927368,-1.39417564868927,0.5639773607254028,0.5699331760406494,-0.8718084692955017,0.3842514753341675,0.5715731382369995,-0.823291540145874,0.5061872005462646,0.6788510084152222,-1.261816382408142,0.4292006194591522,0.6777719259262085,-1.2506091594696045,0.7540454864501953,0.9361588358879089,-0.5494754314422607,0.21357890963554382,0.9145633578300476,-0.45902079343795776,0.8458311557769775,1.2706036567687988,-1.0096056461334229,0.13837236166000366,1.266817569732666,-0.8564287424087524,0.7279051542282104,1.3314951658248901,-1.7607442140579224,0.2274317741394043,1.2427051067352295,-1.8943443298339844,0.7137314081192017,1.378290057182312,-1.9417272806167603,0.23835588991641998,1.2571868896484375,-2.1285386085510254,0.6827750205993652,1.3266334533691406,-1.9635717868804932,0.2611006498336792,1.213381290435791,-2.1303040981292725,0.680097758769989,1.3099453449249268,-1.7968840599060059,0.2666025757789612,1.2097649574279785,-1.932705044746399,0.6345832347869873,1.7312268018722534,-0.07326412200927734,0.31313592195510864,1.7242891788482666,0.07881300896406174,0.6217092275619507,2.3972203731536865,-0.14028950035572052,0.33780449628829956,2.353938102722168,-0.3461496829986572,0.6224712133407593,3.0051283836364746,0.38523927330970764,0.34817615151405334,2.9804391860961914,0.007667230442166328,0.6258773803710938,3.1097893714904785,0.39289146661758423,0.34919971227645874,3.0909218788146973,0.01326080970466137,0.5727166533470154,3.185927152633667,-0.3510453999042511,0.3939186930656433,3.1472060680389404,-0.7711851000785828
0.4666832983493805,0.6128756999969482,-1.5492149591445923,0.4951585829257965,0.537775993347168,-1.4889800548553467,0.5154799222946167,0.536358118057251,-1.4894399642944336,0.5316398739814758,0.5364995002746582,-1.4896012544631958,0.4355373680591583,0.5416898727416992,-1.4843835830688477,0.4161437153816223,0.5434269905090332,-1.4842524528503418,0.40040144324302673,0.5461859703063965,-1.4848651885986328,0.5656697154045105,0.567503809928894,-0.9862421154975891,0.38230547308921814,0.5773770809173584,-0.9489960074424744,0.5087090134620667,0.6821615695953369,-1.3472986221313477,0.4332113265991211,0.6859304904937744,-1.338889241218567,0.7590728998184204,0.9405251741409302,-0.5994091033935547,0.21756882965564728,0.9148572683334351,-0.5252251625061035,0.8604546785354614,1.298283576965332,-0.6609823107719421,0.11870121955871582,1.3051528930664062,-0.5180341005325317,0.7992863655090332,1.5569912195205688,-1.1977370977401733,0.16837817430496216,1.51861572265625,-1.277948260307312,0.8065783381462097,1.663159966468811,-1.35286283493042,0.16641980409622192,1.6177066564559937,-1.4733171463012695,0.7611960172653198,1.6356784105300903,-1.4308794736862183,0.20526239275932312,1.580052375793457,-1.5423142910003662,0.7504240870475769,1.5881574153900146,-1.2523401975631714,0.21294787526130676,1.5385169982910156,-1.3348174095153809,0.630615234375,1.7369561195373535,-0.06849342584609985,0.3047162890434265,1.727342128753662,0.07427084445953369,0.6155634522438049,2.407379627227783,-0.19071327149868011,0.3253072500228882,2.3669352531433105,-0.3524533212184906,0.6122634410858154,3.0141921043395996,0.42120563983917236,0.3291167616844177,2.996082067489624,0.07378918677568436,0.6155949234962463,3.11807918548584,0.43845903873443604,0.32893067598342896,3.107783794403076,0.08722008764743805,0.5573656558990479,3.214808940887451,-0.3187936544418335,0.37700748443603516,3.179900646209717,-0.7272840738296509
0.4641825258731842,0.6057648658752441,-1.4536586999893188,0.49492406845092773,0.5373967885971069,-1.3837940692901611,0.5158256888389587,0.537528395652771,-1.3842353820800781,0.5329683423042297,0.53868567943573,-1.3843766450881958,0.43422868847846985,0.5367075204849243,-1.3767321109771729,0.4152068495750427,0.5367200374603271,-1.3764985799789429,0.40069127082824707,0.5380691289901733,-1.3770607709884644,0.5641729235649109,0.5677320957183838,-0.8553946018218994,0.38378459215164185,0.5701688528060913,-0.8057212829589844,0.5075211524963379,0.6757184267044067,-1.2465360164642334,0.4273277521133423,0.6755743026733398,-1.234932541847229,0.7547820210456848,0.9311563968658447,-0.5447927117347717,0.2136891931295395,0.9154877066612244,-0.45487180352211,0.832956075668335,1.2818546295166016,-1.0152748823165894,0.1488233208656311,1.2950472831726074,-0.8136885166168213,0.7035426497459412,1.286736249923706,-1.8132680654525757,0.22432325780391693,1.3354564905166626,-1.8395217657089233,0.6849323511123657,1.3190363645553589,-2.01332950592041,0.2305520921945572,1.3767142295837402,-2.0791711807250977,0.6590191721916199,1.2610008716583252,-2.0273404121398926,0.2550775110721588,1.326977014541626,-2.098330497741699,0.6575242280960083,1.2501955032348633,-1.8496873378753662,0.26142245531082153,1.3128265142440796,-1.885985255241394,0.6370744705200195,1.7257654666900635,-0.0750531330704689,0.3082970678806305,1.7220956087112427,0.0811137780547142,0.6235072016716003,2.394225597381592,-0.0964164212346077,0.3305036425590515,2.3599472045898438,-0.26897409558296204,0.6214416027069092,3.0026369094848633,0.5156645178794861,0.3335956633090973,2.9856629371643066,0.17901362478733063,0.6262168884277344,3.1018013954162598,0.5324065089225769,0.33228442072868347,3.091465473175049,0.19500842690467834,0.5645842552185059,3.19527530670166,-0.23014609515666962,0.3796238899230957,3.1629085540771484,-0.6183336973190308
0.46256792545318604,0.6003021001815796,-1.3724411725997925,0.4911341369152069,0.5315710306167603,-1.3082473278045654,0.5115694999694824,0.5322099924087524,-1.308754324913025,0.5288734436035156,0.5336642265319824,-1.3090211153030396,0.4325210452079773,0.5318341255187988,-1.2972564697265625,0.4146074652671814,0.5329647064208984,-1.2970808744430542,0.400102823972702,0.5351320505142212,-1.2975454330444336,0.5613177418708801,0.5665860176086426,-0.7967947721481323,0.38352394104003906,0.5697586536407471,-0.7317255139350891,0.5061289668083191,0.6731082201004028,-1.1709277629852295,0.4302213788032532,0.6722084283828735,-1.1547303199768066,0.7544969320297241,0.9340361952781677,-0.5112810134887695,0.21599356830120087,0.9180716276168823,-0.3605218529701233,0.8493261337280273,1.2586469650268555,-1.0120058059692383,0.1282506287097931,1.2476816177368164,-0.7039467692375183,0.7157801389694214,1.2931599617004395,-1.8191053867340088,0.18772044777870178,1.2558456659317017,-1.7188613414764404,0.6957803964614868,1.3345789909362793,-2.012866735458374,0.18938836455345154,1.281541109085083,-1.9403237104415894,0.661824643611908,1.2765417098999023,-2.0240399837493896,0.214905247092247,1.2384440898895264,-1.9493837356567383,0.6612063646316528,1.2634506225585938,-1.8520666360855103,0.22406812012195587,1.2311919927597046,-1.759882926940918,0.6340124011039734,1.7393248081207275,-0.08570390194654465,0.31372174620628357,1.7335171699523926,0.09145472198724747,0.6175131797790527,2.4118425846099854,-0.09431803971529007,0.3243258595466614,2.3742761611938477,-0.21559637784957886,0.623250424861908,3.0197980403900146,0.48818105459213257,0.3378763496875763,2.99993896484375,0.19958378374576569,0.6290130615234375,3.118680000305176,0.5038570165634155,0.3380444347858429,3.1003425121307373,0.21319378912448883,0.5732507705688477,3.204568386077881,-0.25044068694114685,0.3849681615829468,3.181253671646118,-0.5829893350601196
0.4639166593551636,0.6069302558898926,-1.6363931894302368,0.49270665645599365,0.5322258472442627,-1.5654330253601074,0.5135990381240845,0.5314627885818481,-1.5659382343292236,0.5306230783462524,0.5322344303131104,-1.566167950630188,0.43206918239593506,0.5356372594833374,-1.5538575649261475,0.41280603408813477,0.5378690958023071,-1.5542545318603516,0.39735203981399536,0.5408591032028198,-1.5548020601272583,0.566545307636261,0.5663275718688965,-1.0294969081878662,0.37968555092811584,0.5751869678497314,-0.9661805033683777,0.5081138014793396,0.6792681217193604,-1.4254196882247925,0.4318546950817108,0.6827133893966675,-1.4097474813461304,0.7592136263847351,0.9381334781646729,-0.727256178855896,0.21265149116516113,0.9212531447410583,-0.5461039543151855,0.8442909717559814,1.2019026279449463,-1.3194507360458374,0.13698095083236694,1.2591547966003418,-1.009756088256836,0.7278934121131897,1.1762433052062988,-2.1850790977478027,0.23415274918079376,1.170222282409668,-2.091892957687378,0.7083015441894531,1.1878852844238281,-2.367583990097046,0.2600487172603607,1.1641076803207397,-2.3003554344177246,0.690395176410675,1.1314486265182495,-2.354304313659668,0.2636975049972534,0.9620656371116638,-2.267312526702881,0.6880635023117065,1.1288460493087769,-2.2050416469573975,0.2708258032798767,0.9589170217514038,-2.1156623363494873,0.6319527626037598,1.743476390838623,-0.10146575421094894,0.32706499099731445,1.7366228103637695,0.10656853020191193,0.6364900469779968,2.2063217163085938,-0.4475714862346649,0.2890843152999878,2.2240145206451416,-0.4877035915851593,0.6346964836120605,2.826688766479492,0.32149001955986023,0.37413570284843445,2.8085432052612305,0.11414671689271927,0.6338538527488708,2.928008556365967,0.35856589674949646,0.38674378395080566,2.887946605682373,0.14752516150474548,0.6058961749076843,3.005014657974243,-0.31679606437683105,0.4171196222305298,2.9988818168640137,-0.5408971905708313
0.4707154333591461,0.6192090511322021,-1.675187349319458,0.5021960139274597,0.5437783002853394,-1.5997635126113892,0.5217613577842712,0.5427331924438477,-1.6002908945083618,0.5376384258270264,0.5434123277664185,-1.6006569862365723,0.44060418009757996,0.5465267896652222,-1.5914241075515747,0.4203487038612366,0.5474581718444824,-1.5915825366973877,0.4033653438091278,0.549606442451477,-1.5921093225479126,0.5708968043327332,0.5737026929855347,-1.0472540855407715,0.3823600113391876,0.580377459526062,-0.9978436827659607,0.5122513771057129,0.688789963722229,-1.4590888023376465,0.43680858612060547,0.691922664642334,-1.4477874040603638,0.7591341733932495,0.9439062476158142,-0.761162519454956,0.21601806581020355,0.9206161499023438,-0.6167943477630615,0.8397916555404663,1.251329779624939,-1.52947998046875,0.14033028483390808,1.2689251899719238,-1.2388089895248413,0.6794480085372925,1.1102361679077148,-2.394242763519287,0.26135507225990295,1.0974467992782593,-2.327021360397339,0.6448808908462524,1.0896854400634766,-2.5863707065582275,0.2688257098197937,0.9402936100959778,-2.5537683963775635,0.6287202835083008,1.0306460857391357,-2.5353055000305176,0.2975151538848877,0.9292658567428589,-2.4915318489074707,0.6308867931365967,1.0455141067504883,-2.401517391204834,0.3045418858528137,0.9366952180862427,-2.3410732746124268,0.6281903386116028,1.7545104026794434,-0.0769982635974884,0.310832142829895,1.7362947463989258,0.08204346150159836,0.614631712436676,2.421412706375122,-0.23482581973075867,0.31961411237716675,2.3596534729003906,-0.40427520871162415,0.6009435653686523,3.019338607788086,0.4878219664096832,0.33399975299835205,2.9854936599731445,0.14172275364398956,0.5999497175216675,3.116713523864746,0.5165849924087524,0.336303174495697,3.0846123695373535,0.16566772758960724,0.5570963621139526,3.205171823501587,-0.22294287383556366,0.3713798522949219,3.171095132827759,-0.615305483341217
0.4625447392463684,0.601955771446228,-1.4719394445419312,0.4928189814090729,0.5298780202865601,-1.4011739492416382,0.5138601660728455,0.5303382873535156,-1.4017322063446045,0.5313510298728943,0.5316085815429688,-1.4019242525100708,0.4328363835811615,0.5307214260101318,-1.38655424118042,0.4144264757633209,0.5321569442749023,-1.3864542245864868,0.4001345634460449,0.5344281196594238,-1.3869836330413818,0.5645421147346497,0.5645952224731445,-0.8760329484939575,0.38471654057502747,0.5687248706817627,-0.7957688570022583,0.5076608061790466,0.6747437715530396,-1.267051100730896,0.4291054606437683,0.6739848852157593,-1.2462795972824097,0.7549165487289429,0.9369860291481018,-0.5721732974052429,0.22078081965446472,0.9082901477813721,-0.41057682037353516,0.839458167552948,1.2400985956192017,-1.0989007949829102,0.15483254194259644,1.2476706504821777,-0.7284680604934692,0.7302160263061523,1.2352008819580078,-1.9279402494430542,0.22760815918445587,1.282948613166809,-1.726577877998352,0.7173192501068115,1.2634878158569336,-2.127567768096924,0.23320023715496063,1.3180432319641113,-1.9506293535232544,0.6890512704849243,1.2049565315246582,-2.1442878246307373,0.2590875029563904,1.275367021560669,-1.964571237564087,0.6848390698432922,1.1963675022125244,-1.9637746810913086,0.26692435145378113,1.2635284662246704,-1.7698458433151245,0.6260812878608704,1.734378457069397,-0.077919140458107,0.30971360206604004,1.7151422500610352,0.08362028002738953,0.6137710213661194,2.400956630706787,-0.14253897964954376,0.3339422941207886,2.344921350479126,-0.3354569673538208,0.6071902513504028,3.0130972862243652,0.3908636271953583,0.33218276500701904,2.974104404449463,0.03636449947953224,0.608496904373169,3.116295337677002,0.4006008803844452,0.3306339383125305,3.0814857482910156,0.04329479858279228,0.5556833744049072,3.191002607345581,-0.33400410413742065,0.3729148507118225,3.141650676727295,-0.7299985289573669
0.4712229371070862,0.6037976741790771,-1.2202228307724,0.49984505772590637,0.5344226360321045,-1.157909631729126,0.5196051001548767,0.5343356132507324,-1.1584064960479736,0.5363156199455261,0.5355607271194458,-1.1586765050888062,0.4406476616859436,0.5347722768783569,-1.152222990989685,0.4212283492088318,0.5350131988525391,-1.1514122486114502,0.4057466685771942,0.5370744466781616,-1.1518446207046509,0.5651329755783081,0.5650839805603027,-0.706525981426239,0.38417017459869385,0.5683883428573608,-0.649021327495575,0.5131915211677551,0.6739904880523682,-1.0439610481262207,0.43671590089797974,0.6733683347702026,-1.0301318168640137,0.7495983839035034,0.9330286383628845,-0.41648784279823303,0.2178002893924713,0.918935239315033,-0.35619258880615234,0.8494014739990234,1.3300864696502686,-0.38543081283569336,0.11385974287986755,1.3415027856826782,-0.30402353405952454,0.7892122864723206,1.6615233421325684,-0.7651031017303467,0.16499820351600647,1.6101207733154297,-0.9537379145622253,0.8098804950714111,1.7848275899887085,-0.9021102786064148,0.15354326367378235,1.7244033813476562,-1.125939130783081,0.7487817406654358,1.780313491821289,-0.9703384041786194,0.20405027270317078,1.7015985250473022,-1.208650827407837,0.7331963777542114,1.7262710332870483,-0.8152889609336853,0.21447214484214783,1.652859091758728,-1.0135828256607056,0.6396867036819458,1.7293833494186401,-0.09646372497081757,0.307253360748291,1.7220138311386108,0.10300453007221222,0.6224870681762695,2.3976857662200928,-0.1213218942284584,0.3231322467327118,2.3851661682128906,0.09354908019304276,0.619127631187439,2.9955930709838867,0.5938622355461121,0.3323948383331299,2.9874727725982666,0.619866669178009,0.6273620128631592,3.1026949882507324,0.6256380677223206,0.32944345474243164,3.0977234840393066,0.6506741046905518,0.5536124110221863,3.191359519958496,-0.10463541746139526,0.38179072737693787,3.179959774017334,-0.10530402511358261
0.4748670756816864,0.6123683452606201,-1.554928183555603,0.5024867057800293,0.5388941764831543,-1.4855971336364746,0.5214712619781494,0.5374270677566528,-1.486106276512146,0.5373958349227905,0.5376954078674316,-1.486372470855713,0.4447144865989685,0.543133020401001,-1.4826648235321045,0.4248785078525543,0.5446982383728027,-1.4829161167144775,0.4079678952693939,0.5473095178604126,-1.4835178852081299,0.5700507164001465,0.567520260810852,-0.9443808794021606,0.3865866959095001,0.5778043270111084,-0.9203181862831116,0.5138249397277832,0.6833314895629883,-1.3396364450454712,0.4426122009754181,0.6876424551010132,-1.3352209329605103,0.7535938024520874,0.9315745830535889,-0.6126989126205444,0.21681810915470123,0.9124945998191833,-0.5120236277580261,0.8560904860496521,1.2280426025390625,-1.1030597686767578,0.12393409013748169,1.26043701171875,-1.0157501697540283,0.7376600503921509,1.2495760917663574,-1.9006952047348022,0.2261328250169754,1.1787331104278564,-2.123131036758423,0.7169499397277832,1.2778548002243042,-2.0686264038085938,0.2531435489654541,1.1756081581115723,-2.344252824783325,0.6943149566650391,1.2207602262496948,-2.0672740936279297,0.2542648911476135,1.0278493165969849,-2.3082406520843506,0.6930791139602661,1.2118995189666748,-1.9229621887207031,0.26088452339172363,1.0131311416625977,-2.144869327545166,0.6244126558303833,1.7289820909500122,-0.08336127549409866,0.31704390048980713,1.7137713432312012,0.08830591291189194,0.6136795282363892,2.3027448654174805,-0.2789810597896576,0.3038061261177063,2.2611193656921387,-0.39175084233283997,0.6089468002319336,2.9001832008361816,0.4028991162776947,0.3355923295021057,2.882633924484253,0.11186011135578156,0.6087715029716492,2.9947800636291504,0.4307296872138977,0.3415513038635254,2.9766688346862793,0.1342606246471405,0.5679150223731995,3.087456226348877,-0.25644928216934204,0.36837753653526306,3.0709421634674072,-0.5846467018127441
0.47433745861053467,0.609714150428772,-1.4259004592895508,0.501922607421875,0.536645770072937,-1.3703011274337769,0.5213446617126465,0.5353614091873169,-1.370732307434082,0.536817193031311,0.5354669094085693,-1.3709332942962646,0.4436262845993042,0.5406326055526733,-1.363695740699768,0.42427411675453186,0.5423169136047363,-1.3634690046310425,0.4074993431568146,0.5451709032058716,-1.363900899887085,0.569123387336731,0.5651193857192993,-0.8780756592750549,0.3875669240951538,0.5763810873031616,-0.827573299407959,0.5144091248512268,0.6806905269622803,-1.228919506072998,0.4420211613178253,0.6831258535385132,-1.2171558141708374,0.7514469623565674,0.9325355291366577,-0.5632104873657227,0.22532545030117035,0.9125908613204956,-0.46751198172569275,0.8469197750091553,1.2774786949157715,-0.8153195381164551,0.12553733587265015,1.282585859298706,-0.7822173237800598,0.7609025835990906,1.4548907279968262,-1.4441663026809692,0.23177552223205566,1.1985952854156494,-1.699718952178955,0.7617551684379578,1.5345046520233154,-1.6006529331207275,0.25181081891059875,1.195933222770691,-1.8981664180755615,0.721498966217041,1.4886724948883057,-1.6437960863113403,0.26840364933013916,1.0231760740280151,-1.8856043815612793,0.7149715423583984,1.4578880071640015,-1.4861985445022583,0.272222101688385,1.0092380046844482,-1.726095199584961,0.639061450958252,1.7239691019058228,-0.0985826626420021,0.30749526619911194,1.7137330770492554,0.10375598073005676,0.6237539649009705,2.396308422088623,0.0008315464365296066,0.32832086086273193,2.3716368675231934,0.07188786566257477,0.6177497506141663,3.0049896240234375,0.7822911143302917,0.3357820510864258,2.979565143585205,0.682396411895752,0.6207460165023804,3.106687545776367,0.817722737789154,0.333723783493042,3.07802414894104,0.7198386788368225,0.5705264806747437,3.1932947635650635,0.0645524337887764,0.38037824630737305,3.1661386489868164,-0.07482023537158966
0.47509026527404785,0.6140040159225464,-1.4210820198059082,0.5025568008422852,0.5396462678909302,-1.3565691709518433,0.5216789841651917,0.5376487970352173,-1.3571325540542603,0.5369095206260681,0.5370030403137207,-1.3574057817459106,0.4444039463996887,0.5452253818511963,-1.3530365228652954,0.4246026277542114,0.5469812154769897,-1.3532472848892212,0.40759044885635376,0.5496526956558228,-1.3538010120391846,0.5692315697669983,0.5670574903488159,-0.8353407382965088,0.3871167302131653,0.579625129699707,-0.8090046644210815,0.5145373344421387,0.6839306354522705,-1.213908076286316,0.44327443838119507,0.6888347864151001,-1.2090057134628296,0.7521036863327026,0.9324452877044678,-0.5349549055099487,0.2256719470024109,0.9087421894073486,-0.4659024178981781,0.8379683494567871,1.2589097023010254,-0.9454346299171448,0.1257169544696808,1.2268986701965332,-1.0693649053573608,0.742213249206543,1.3850440979003906,-1.6275079250335693,0.22939157485961914,0.9621566534042358,-2.1819214820861816,0.7314565181732178,1.4498685598373413,-1.7750017642974854,0.2677534520626068,0.9253858923912048,-2.409193277359009,0.7014853954315186,1.3974148035049438,-1.801080584526062,0.2835911512374878,0.8898171782493591,-2.356329917907715,0.6985269784927368,1.3742021322250366,-1.660417079925537,0.28775161504745483,0.9019433259963989,-2.1992075443267822,0.6302909851074219,1.7298498153686523,-0.06514699012041092,0.32072022557258606,1.7114001512527466,0.06987974047660828,0.6138448119163513,2.392763137817383,-0.15118557214736938,0.33207210898399353,2.343993663787842,-0.25996649265289307,0.6076688170433044,3.0000319480895996,0.4534432590007782,0.33555299043655396,2.9695773124694824,0.14558176696300507,0.6069003343582153,3.096041679382324,0.47362402081489563,0.3357754349708557,3.0670154094696045,0.15862178802490234,0.5696030855178833,3.178966522216797,-0.233616903424263,0.3693522810935974,3.1463382244110107,-0.5935327410697937
0.4737154245376587,0.6158123016357422,-1.507854700088501,0.5019713044166565,0.5417898893356323,-1.439018726348877,0.521344780921936,0.5402894020080566,-1.4395753145217896,0.5368040204048157,0.5401917695999146,-1.4398505687713623,0.4425501525402069,0.5455914735794067,-1.4310534000396729,0.42264124751091003,0.5466212034225464,-1.4313215017318726,0.4062211215496063,0.5488399267196655,-1.431815505027771,0.5671186447143555,0.5697835683822632,-0.9135013818740845,0.38646000623703003,0.5779889822006226,-0.8682938814163208,0.5131788849830627,0.6863903999328613,-1.3011833429336548,0.4414525628089905,0.6887460947036743,-1.290871024131775,0.7496936321258545,0.9330911636352539,-0.6496233940124512,0.22302959859371185,0.913964033126831,-0.46888303756713867,0.8264405727386475,1.2125580310821533,-1.3196265697479248,0.12215855717658997,1.0873562097549438,-1.0368541479110718,0.6938552856445312,1.125891923904419,-2.1669867038726807,0.2410140484571457,1.031911849975586,-2.1164495944976807,0.6686520576477051,1.1242477893829346,-2.340937852859497,0.27315324544906616,0.8940461874008179,-2.3197903633117676,0.6488597393035889,1.0656745433807373,-2.305452585220337,0.28477710485458374,0.8865004777908325,-2.258681535720825,0.6487681269645691,1.0716853141784668,-2.1762661933898926,0.289310097694397,0.8978865146636963,-2.1278939247131348,0.6280348300933838,1.7293329238891602,-0.08661098778247833,0.3268525302410126,1.718523621559143,0.09146866947412491,0.6216684579849243,2.271275043487549,-0.26570814847946167,0.31634747982025146,2.2570996284484863,-0.35780224204063416,0.61842942237854,2.8827555179595947,0.4118167459964752,0.3599344491958618,2.8638815879821777,0.13433879613876343,0.6160632967948914,2.9784584045410156,0.4410233199596405,0.3664403557777405,2.9506707191467285,0.15719246864318848,0.5895911455154419,3.065762996673584,-0.22422043979167938,0.39908406138420105,3.05035400390625,-0.5392972826957703
0.47669997811317444,0.6109515428543091,-1.5672708749771118,0.5029318928718567,0.5346724987030029,-1.5056296586990356,0.5216260552406311,0.5325642824172974,-1.5060890913009644,0.5379924774169922,0.5327959060668945,-1.5062776803970337,0.44309985637664795,0.5393298864364624,-1.501084566116333,0.42288488149642944,0.5411068201065063,-1.5011413097381592,0.4049735963344574,0.5441629886627197,-1.5016436576843262,0.5706396698951721,0.5620118379592896,-0.9860180020332336,0.3824853301048279,0.5760101079940796,-0.9541176557540894,0.5170066356658936,0.6819819211959839,-1.3589996099472046,0.4442591965198517,0.6857585906982422,-1.3521728515625,0.760919451713562,0.9409658908843994,-0.6208129525184631,0.218650683760643,0.9151940941810608,-0.5221722722053528,0.853108286857605,1.277974009513855,-0.8160935044288635,0.13311767578125,1.2692575454711914,-0.6427069902420044,0.7859178781509399,1.477813959121704,-1.437645673751831,0.20157739520072937,1.3004192113876343,-1.4453492164611816,0.7883607149124146,1.566005825996399,-1.5873966217041016,0.2110927700996399,1.3358986377716064,-1.6300275325775146,0.749709963798523,1.5245521068572998,-1.6542513370513916,0.2307233363389969,1.2951703071594238,-1.6501896381378174,0.7417962551116943,1.4851865768432617,-1.4871524572372437,0.23653244972229004,1.279477596282959,-1.4834661483764648,0.6298753023147583,1.7359486818313599,-0.07355359941720963,0.3069615364074707,1.7212177515029907,0.07888690382242203,0.6103662848472595,2.4094762802124023,-0.1998547911643982,0.31423670053482056,2.3700592517852783,-0.33328038454055786,0.5923770666122437,3.0185036659240723,0.40698662400245667,0.3125605583190918,2.999272346496582,0.060536742210388184,0.5928123593330383,3.123629570007324,0.42438095808029175,0.31355172395706177,3.109891414642334,0.0691007673740387,0.5434269309043884,3.206876039505005,-0.3113687038421631,0.355729877948761,3.174673080444336,-0.719340980052948
